root,slot,base,base_target,operation,final_target
v30op,0x00,i286op,_add_ea_r8,base,_add_ea_r8
v30op,0x01,i286op,_add_ea_r16,base,_add_ea_r16
v30op,0x02,i286op,_add_r8_ea,base,_add_r8_ea
v30op,0x03,i286op,_add_r16_ea,base,_add_r16_ea
v30op,0x04,i286op,_add_al_data8,base,_add_al_data8
v30op,0x05,i286op,_add_ax_data16,base,_add_ax_data16
v30op,0x06,i286op,_push_es,base,_push_es
v30op,0x07,i286op,_pop_es,base,_pop_es
v30op,0x08,i286op,_or_ea_r8,base,_or_ea_r8
v30op,0x09,i286op,_or_ea_r16,base,_or_ea_r16
v30op,0x0a,i286op,_or_r8_ea,base,_or_r8_ea
v30op,0x0b,i286op,_or_r16_ea,base,_or_r16_ea
v30op,0x0c,i286op,_or_al_data8,base,_or_al_data8
v30op,0x0d,i286op,_or_ax_data16,base,_or_ax_data16
v30op,0x0e,i286op,_push_cs,base,_push_cs
v30op,0x0f,i286op,i286c_cts,patch,v30_ope0x0f
v30op,0x10,i286op,_adc_ea_r8,base,_adc_ea_r8
v30op,0x11,i286op,_adc_ea_r16,base,_adc_ea_r16
v30op,0x12,i286op,_adc_r8_ea,base,_adc_r8_ea
v30op,0x13,i286op,_adc_r16_ea,base,_adc_r16_ea
v30op,0x14,i286op,_adc_al_data8,base,_adc_al_data8
v30op,0x15,i286op,_adc_ax_data16,base,_adc_ax_data16
v30op,0x16,i286op,_push_ss,base,_push_ss
v30op,0x17,i286op,_pop_ss,base,_pop_ss
v30op,0x18,i286op,_sbb_ea_r8,base,_sbb_ea_r8
v30op,0x19,i286op,_sbb_ea_r16,base,_sbb_ea_r16
v30op,0x1a,i286op,_sbb_r8_ea,base,_sbb_r8_ea
v30op,0x1b,i286op,_sbb_r16_ea,base,_sbb_r16_ea
v30op,0x1c,i286op,_sbb_al_data8,base,_sbb_al_data8
v30op,0x1d,i286op,_sbb_ax_data16,base,_sbb_ax_data16
v30op,0x1e,i286op,_push_ds,base,_push_ds
v30op,0x1f,i286op,_pop_ds,base,_pop_ds
v30op,0x20,i286op,_and_ea_r8,base,_and_ea_r8
v30op,0x21,i286op,_and_ea_r16,base,_and_ea_r16
v30op,0x22,i286op,_and_r8_ea,base,_and_r8_ea
v30op,0x23,i286op,_and_r16_ea,base,_and_r16_ea
v30op,0x24,i286op,_and_al_data8,base,_and_al_data8
v30op,0x25,i286op,_and_ax_data16,base,_and_ax_data16
v30op,0x26,i286op,_segprefix_es,patch,v30segprefix_es
v30op,0x27,i286op,_daa,base,_daa
v30op,0x28,i286op,_sub_ea_r8,base,_sub_ea_r8
v30op,0x29,i286op,_sub_ea_r16,base,_sub_ea_r16
v30op,0x2a,i286op,_sub_r8_ea,base,_sub_r8_ea
v30op,0x2b,i286op,_sub_r16_ea,base,_sub_r16_ea
v30op,0x2c,i286op,_sub_al_data8,base,_sub_al_data8
v30op,0x2d,i286op,_sub_ax_data16,base,_sub_ax_data16
v30op,0x2e,i286op,_segprefix_cs,patch,v30segprefix_cs
v30op,0x2f,i286op,_das,base,_das
v30op,0x30,i286op,_xor_ea_r8,base,_xor_ea_r8
v30op,0x31,i286op,_xor_ea_r16,base,_xor_ea_r16
v30op,0x32,i286op,_xor_r8_ea,base,_xor_r8_ea
v30op,0x33,i286op,_xor_r16_ea,base,_xor_r16_ea
v30op,0x34,i286op,_xor_al_data8,base,_xor_al_data8
v30op,0x35,i286op,_xor_ax_data16,base,_xor_ax_data16
v30op,0x36,i286op,_segprefix_ss,patch,v30segprefix_ss
v30op,0x37,i286op,_aaa,base,_aaa
v30op,0x38,i286op,_cmp_ea_r8,base,_cmp_ea_r8
v30op,0x39,i286op,_cmp_ea_r16,base,_cmp_ea_r16
v30op,0x3a,i286op,_cmp_r8_ea,base,_cmp_r8_ea
v30op,0x3b,i286op,_cmp_r16_ea,base,_cmp_r16_ea
v30op,0x3c,i286op,_cmp_al_data8,base,_cmp_al_data8
v30op,0x3d,i286op,_cmp_ax_data16,base,_cmp_ax_data16
v30op,0x3e,i286op,_segprefix_ds,patch,v30segprefix_ds
v30op,0x3f,i286op,_aas,base,_aas
v30op,0x40,i286op,_inc_ax,base,_inc_ax
v30op,0x41,i286op,_inc_cx,base,_inc_cx
v30op,0x42,i286op,_inc_dx,base,_inc_dx
v30op,0x43,i286op,_inc_bx,base,_inc_bx
v30op,0x44,i286op,_inc_sp,base,_inc_sp
v30op,0x45,i286op,_inc_bp,base,_inc_bp
v30op,0x46,i286op,_inc_si,base,_inc_si
v30op,0x47,i286op,_inc_di,base,_inc_di
v30op,0x48,i286op,_dec_ax,base,_dec_ax
v30op,0x49,i286op,_dec_cx,base,_dec_cx
v30op,0x4a,i286op,_dec_dx,base,_dec_dx
v30op,0x4b,i286op,_dec_bx,base,_dec_bx
v30op,0x4c,i286op,_dec_sp,base,_dec_sp
v30op,0x4d,i286op,_dec_bp,base,_dec_bp
v30op,0x4e,i286op,_dec_si,base,_dec_si
v30op,0x4f,i286op,_dec_di,base,_dec_di
v30op,0x50,i286op,_push_ax,base,_push_ax
v30op,0x51,i286op,_push_cx,base,_push_cx
v30op,0x52,i286op,_push_dx,base,_push_dx
v30op,0x53,i286op,_push_bx,base,_push_bx
v30op,0x54,i286op,_push_sp,patch,v30push_sp
v30op,0x55,i286op,_push_bp,base,_push_bp
v30op,0x56,i286op,_push_si,base,_push_si
v30op,0x57,i286op,_push_di,base,_push_di
v30op,0x58,i286op,_pop_ax,base,_pop_ax
v30op,0x59,i286op,_pop_cx,base,_pop_cx
v30op,0x5a,i286op,_pop_dx,base,_pop_dx
v30op,0x5b,i286op,_pop_bx,base,_pop_bx
v30op,0x5c,i286op,_pop_sp,base,_pop_sp
v30op,0x5d,i286op,_pop_bp,base,_pop_bp
v30op,0x5e,i286op,_pop_si,base,_pop_si
v30op,0x5f,i286op,_pop_di,base,_pop_di
v30op,0x60,i286op,_pusha,base,_pusha
v30op,0x61,i286op,_popa,base,_popa
v30op,0x62,i286op,_bound,base,_bound
v30op,0x63,i286op,_arpl,patch,v30_reserved
v30op,0x64,i286op,_reserved,patch,v30_reserved_0x0f
v30op,0x65,i286op,_reserved,patch,v30_repc
v30op,0x66,i286op,_reserved,patch,v30_reserved
v30op,0x67,i286op,_reserved,patch,v30_reserved
v30op,0x68,i286op,_push_data16,base,_push_data16
v30op,0x69,i286op,_imul_reg_ea_data16,base,_imul_reg_ea_data16
v30op,0x6a,i286op,_push_data8,base,_push_data8
v30op,0x6b,i286op,_imul_reg_ea_data8,base,_imul_reg_ea_data8
v30op,0x6c,i286op,_insb,base,_insb
v30op,0x6d,i286op,_insw,base,_insw
v30op,0x6e,i286op,_outsb,base,_outsb
v30op,0x6f,i286op,_outsw,base,_outsw
v30op,0x70,i286op,_jo_short,base,_jo_short
v30op,0x71,i286op,_jno_short,base,_jno_short
v30op,0x72,i286op,_jc_short,base,_jc_short
v30op,0x73,i286op,_jnc_short,base,_jnc_short
v30op,0x74,i286op,_jz_short,base,_jz_short
v30op,0x75,i286op,_jnz_short,base,_jnz_short
v30op,0x76,i286op,_jna_short,base,_jna_short
v30op,0x77,i286op,_ja_short,base,_ja_short
v30op,0x78,i286op,_js_short,base,_js_short
v30op,0x79,i286op,_jns_short,base,_jns_short
v30op,0x7a,i286op,_jp_short,base,_jp_short
v30op,0x7b,i286op,_jnp_short,base,_jnp_short
v30op,0x7c,i286op,_jl_short,base,_jl_short
v30op,0x7d,i286op,_jnl_short,base,_jnl_short
v30op,0x7e,i286op,_jle_short,base,_jle_short
v30op,0x7f,i286op,_jnle_short,base,_jnle_short
v30op,0x80,i286op,_calc_ea8_i8,base,_calc_ea8_i8
v30op,0x81,i286op,_calc_ea16_i16,base,_calc_ea16_i16
v30op,0x82,i286op,_calc_ea8_i8,base,_calc_ea8_i8
v30op,0x83,i286op,_calc_ea16_i8,base,_calc_ea16_i8
v30op,0x84,i286op,_test_ea_r8,base,_test_ea_r8
v30op,0x85,i286op,_test_ea_r16,base,_test_ea_r16
v30op,0x86,i286op,_xchg_ea_r8,base,_xchg_ea_r8
v30op,0x87,i286op,_xchg_ea_r16,base,_xchg_ea_r16
v30op,0x88,i286op,_mov_ea_r8,base,_mov_ea_r8
v30op,0x89,i286op,_mov_ea_r16,base,_mov_ea_r16
v30op,0x8a,i286op,_mov_r8_ea,base,_mov_r8_ea
v30op,0x8b,i286op,_mov_r16_ea,base,_mov_r16_ea
v30op,0x8c,i286op,_mov_ea_seg,base,_mov_ea_seg
v30op,0x8d,i286op,_lea_r16_ea,base,_lea_r16_ea
v30op,0x8e,i286op,_mov_seg_ea,patch,v30mov_seg_ea
v30op,0x8f,i286op,_pop_ea,base,_pop_ea
v30op,0x90,i286op,_nop,base,_nop
v30op,0x91,i286op,_xchg_ax_cx,base,_xchg_ax_cx
v30op,0x92,i286op,_xchg_ax_dx,base,_xchg_ax_dx
v30op,0x93,i286op,_xchg_ax_bx,base,_xchg_ax_bx
v30op,0x94,i286op,_xchg_ax_sp,base,_xchg_ax_sp
v30op,0x95,i286op,_xchg_ax_bp,base,_xchg_ax_bp
v30op,0x96,i286op,_xchg_ax_si,base,_xchg_ax_si
v30op,0x97,i286op,_xchg_ax_di,base,_xchg_ax_di
v30op,0x98,i286op,_cbw,base,_cbw
v30op,0x99,i286op,_cwd,base,_cwd
v30op,0x9a,i286op,_call_far,base,_call_far
v30op,0x9b,i286op,_wait,base,_wait
v30op,0x9c,i286op,_pushf,patch,v30_pushf
v30op,0x9d,i286op,_popf,patch,v30_popf
v30op,0x9e,i286op,_sahf,base,_sahf
v30op,0x9f,i286op,_lahf,base,_lahf
v30op,0xa0,i286op,_mov_al_m8,base,_mov_al_m8
v30op,0xa1,i286op,_mov_ax_m16,base,_mov_ax_m16
v30op,0xa2,i286op,_mov_m8_al,base,_mov_m8_al
v30op,0xa3,i286op,_mov_m16_ax,base,_mov_m16_ax
v30op,0xa4,i286op,_movsb,base,_movsb
v30op,0xa5,i286op,_movsw,base,_movsw
v30op,0xa6,i286op,_cmpsb,base,_cmpsb
v30op,0xa7,i286op,_cmpsw,base,_cmpsw
v30op,0xa8,i286op,_test_al_data8,base,_test_al_data8
v30op,0xa9,i286op,_test_ax_data16,base,_test_ax_data16
v30op,0xaa,i286op,_stosb,base,_stosb
v30op,0xab,i286op,_stosw,base,_stosw
v30op,0xac,i286op,_lodsb,base,_lodsb
v30op,0xad,i286op,_lodsw,base,_lodsw
v30op,0xae,i286op,_scasb,base,_scasb
v30op,0xaf,i286op,_scasw,base,_scasw
v30op,0xb0,i286op,_mov_al_imm,base,_mov_al_imm
v30op,0xb1,i286op,_mov_cl_imm,base,_mov_cl_imm
v30op,0xb2,i286op,_mov_dl_imm,base,_mov_dl_imm
v30op,0xb3,i286op,_mov_bl_imm,base,_mov_bl_imm
v30op,0xb4,i286op,_mov_ah_imm,base,_mov_ah_imm
v30op,0xb5,i286op,_mov_ch_imm,base,_mov_ch_imm
v30op,0xb6,i286op,_mov_dh_imm,base,_mov_dh_imm
v30op,0xb7,i286op,_mov_bh_imm,base,_mov_bh_imm
v30op,0xb8,i286op,_mov_ax_imm,base,_mov_ax_imm
v30op,0xb9,i286op,_mov_cx_imm,base,_mov_cx_imm
v30op,0xba,i286op,_mov_dx_imm,base,_mov_dx_imm
v30op,0xbb,i286op,_mov_bx_imm,base,_mov_bx_imm
v30op,0xbc,i286op,_mov_sp_imm,base,_mov_sp_imm
v30op,0xbd,i286op,_mov_bp_imm,base,_mov_bp_imm
v30op,0xbe,i286op,_mov_si_imm,base,_mov_si_imm
v30op,0xbf,i286op,_mov_di_imm,base,_mov_di_imm
v30op,0xc0,i286op,_shift_ea8_data8,patch,v30shift_ea8_data8
v30op,0xc1,i286op,_shift_ea16_data8,patch,v30shift_ea16_data8
v30op,0xc2,i286op,_ret_near_data16,base,_ret_near_data16
v30op,0xc3,i286op,_ret_near,base,_ret_near
v30op,0xc4,i286op,_les_r16_ea,base,_les_r16_ea
v30op,0xc5,i286op,_lds_r16_ea,base,_lds_r16_ea
v30op,0xc6,i286op,_mov_ea8_data8,base,_mov_ea8_data8
v30op,0xc7,i286op,_mov_ea16_data16,base,_mov_ea16_data16
v30op,0xc8,i286op,_enter,base,_enter
v30op,0xc9,i286op,fleave,base,fleave
v30op,0xca,i286op,_ret_far_data16,base,_ret_far_data16
v30op,0xcb,i286op,_ret_far,base,_ret_far
v30op,0xcc,i286op,_int_03,base,_int_03
v30op,0xcd,i286op,_int_data8,base,_int_data8
v30op,0xce,i286op,_into,base,_into
v30op,0xcf,i286op,_iret,patch,v30_iret
v30op,0xd0,i286op,_shift_ea8_1,base,_shift_ea8_1
v30op,0xd1,i286op,_shift_ea16_1,base,_shift_ea16_1
v30op,0xd2,i286op,_shift_ea8_cl,patch,v30shift_ea8_cl
v30op,0xd3,i286op,_shift_ea16_cl,patch,v30shift_ea16_cl
v30op,0xd4,i286op,_aam,patch,v30_aam
v30op,0xd5,i286op,_aad,patch,v30_aad
v30op,0xd6,i286op,_setalc,patch,v30_xlat
v30op,0xd7,i286op,_xlat,base,_xlat
v30op,0xd8,i286op,_esc,base,_esc
v30op,0xd9,i286op,_esc,base,_esc
v30op,0xda,i286op,_esc,base,_esc
v30op,0xdb,i286op,_esc,base,_esc
v30op,0xdc,i286op,_esc,base,_esc
v30op,0xdd,i286op,_esc,base,_esc
v30op,0xde,i286op,_esc,base,_esc
v30op,0xdf,i286op,_esc,base,_esc
v30op,0xe0,i286op,_loopnz,base,_loopnz
v30op,0xe1,i286op,_loopz,base,_loopz
v30op,0xe2,i286op,_loop,patch,v30_loop
v30op,0xe3,i286op,_jcxz,base,_jcxz
v30op,0xe4,i286op,_in_al_data8,base,_in_al_data8
v30op,0xe5,i286op,_in_ax_data8,base,_in_ax_data8
v30op,0xe6,i286op,_out_data8_al,base,_out_data8_al
v30op,0xe7,i286op,_out_data8_ax,base,_out_data8_ax
v30op,0xe8,i286op,_call_near,base,_call_near
v30op,0xe9,i286op,_jmp_near,base,_jmp_near
v30op,0xea,i286op,_jmp_far,base,_jmp_far
v30op,0xeb,i286op,_jmp_short,base,_jmp_short
v30op,0xec,i286op,_in_al_dx,base,_in_al_dx
v30op,0xed,i286op,_in_ax_dx,base,_in_ax_dx
v30op,0xee,i286op,_out_dx_al,base,_out_dx_al
v30op,0xef,i286op,_out_dx_ax,base,_out_dx_ax
v30op,0xf0,i286op,_lock,base,_lock
v30op,0xf1,i286op,_lock,base,_lock
v30op,0xf2,i286op,_repne,patch,v30_repne
v30op,0xf3,i286op,_repe,patch,v30_repe
v30op,0xf4,i286op,_hlt,base,_hlt
v30op,0xf5,i286op,_cmc,base,_cmc
v30op,0xf6,i286op,_ope0xf6,patch,v30_ope0xf6
v30op,0xf7,i286op,_ope0xf7,patch,v30_ope0xf7
v30op,0xf8,i286op,_clc,base,_clc
v30op,0xf9,i286op,_stc,base,_stc
v30op,0xfa,i286op,_cli,base,_cli
v30op,0xfb,i286op,_sti,base,_sti
v30op,0xfc,i286op,_cld,base,_cld
v30op,0xfd,i286op,_std,base,_std
v30op,0xfe,i286op,_ope0xfe,base,_ope0xfe
v30op,0xff,i286op,_ope0xff,base,_ope0xff
v30op_repne,0x00,i286op_repne,_add_ea_r8,base,_add_ea_r8
v30op_repne,0x01,i286op_repne,_add_ea_r16,base,_add_ea_r16
v30op_repne,0x02,i286op_repne,_add_r8_ea,base,_add_r8_ea
v30op_repne,0x03,i286op_repne,_add_r16_ea,base,_add_r16_ea
v30op_repne,0x04,i286op_repne,_add_al_data8,base,_add_al_data8
v30op_repne,0x05,i286op_repne,_add_ax_data16,base,_add_ax_data16
v30op_repne,0x06,i286op_repne,_push_es,base,_push_es
v30op_repne,0x07,i286op_repne,_pop_es,base,_pop_es
v30op_repne,0x08,i286op_repne,_or_ea_r8,base,_or_ea_r8
v30op_repne,0x09,i286op_repne,_or_ea_r16,base,_or_ea_r16
v30op_repne,0x0a,i286op_repne,_or_r8_ea,base,_or_r8_ea
v30op_repne,0x0b,i286op_repne,_or_r16_ea,base,_or_r16_ea
v30op_repne,0x0c,i286op_repne,_or_al_data8,base,_or_al_data8
v30op_repne,0x0d,i286op_repne,_or_ax_data16,base,_or_ax_data16
v30op_repne,0x0e,i286op_repne,_push_cs,base,_push_cs
v30op_repne,0x0f,i286op_repne,i286c_cts,base,i286c_cts
v30op_repne,0x10,i286op_repne,_adc_ea_r8,base,_adc_ea_r8
v30op_repne,0x11,i286op_repne,_adc_ea_r16,base,_adc_ea_r16
v30op_repne,0x12,i286op_repne,_adc_r8_ea,base,_adc_r8_ea
v30op_repne,0x13,i286op_repne,_adc_r16_ea,base,_adc_r16_ea
v30op_repne,0x14,i286op_repne,_adc_al_data8,base,_adc_al_data8
v30op_repne,0x15,i286op_repne,_adc_ax_data16,base,_adc_ax_data16
v30op_repne,0x16,i286op_repne,_push_ss,base,_push_ss
v30op_repne,0x17,i286op_repne,_pop_ss,base,_pop_ss
v30op_repne,0x18,i286op_repne,_sbb_ea_r8,base,_sbb_ea_r8
v30op_repne,0x19,i286op_repne,_sbb_ea_r16,base,_sbb_ea_r16
v30op_repne,0x1a,i286op_repne,_sbb_r8_ea,base,_sbb_r8_ea
v30op_repne,0x1b,i286op_repne,_sbb_r16_ea,base,_sbb_r16_ea
v30op_repne,0x1c,i286op_repne,_sbb_al_data8,base,_sbb_al_data8
v30op_repne,0x1d,i286op_repne,_sbb_ax_data16,base,_sbb_ax_data16
v30op_repne,0x1e,i286op_repne,_push_ds,base,_push_ds
v30op_repne,0x1f,i286op_repne,_pop_ds,base,_pop_ds
v30op_repne,0x20,i286op_repne,_and_ea_r8,base,_and_ea_r8
v30op_repne,0x21,i286op_repne,_and_ea_r16,base,_and_ea_r16
v30op_repne,0x22,i286op_repne,_and_r8_ea,base,_and_r8_ea
v30op_repne,0x23,i286op_repne,_and_r16_ea,base,_and_r16_ea
v30op_repne,0x24,i286op_repne,_and_al_data8,base,_and_al_data8
v30op_repne,0x25,i286op_repne,_and_ax_data16,base,_and_ax_data16
v30op_repne,0x26,i286op_repne,_repne_segprefix_es,patch,v30repne_segprefix_es
v30op_repne,0x27,i286op_repne,_daa,base,_daa
v30op_repne,0x28,i286op_repne,_sub_ea_r8,base,_sub_ea_r8
v30op_repne,0x29,i286op_repne,_sub_ea_r16,base,_sub_ea_r16
v30op_repne,0x2a,i286op_repne,_sub_r8_ea,base,_sub_r8_ea
v30op_repne,0x2b,i286op_repne,_sub_r16_ea,base,_sub_r16_ea
v30op_repne,0x2c,i286op_repne,_sub_al_data8,base,_sub_al_data8
v30op_repne,0x2d,i286op_repne,_sub_ax_data16,base,_sub_ax_data16
v30op_repne,0x2e,i286op_repne,_repne_segprefix_cs,patch,v30repne_segprefix_cs
v30op_repne,0x2f,i286op_repne,_das,base,_das
v30op_repne,0x30,i286op_repne,_xor_ea_r8,base,_xor_ea_r8
v30op_repne,0x31,i286op_repne,_xor_ea_r16,base,_xor_ea_r16
v30op_repne,0x32,i286op_repne,_xor_r8_ea,base,_xor_r8_ea
v30op_repne,0x33,i286op_repne,_xor_r16_ea,base,_xor_r16_ea
v30op_repne,0x34,i286op_repne,_xor_al_data8,base,_xor_al_data8
v30op_repne,0x35,i286op_repne,_xor_ax_data16,base,_xor_ax_data16
v30op_repne,0x36,i286op_repne,_repne_segprefix_ss,patch,v30repne_segprefix_ss
v30op_repne,0x37,i286op_repne,_aaa,base,_aaa
v30op_repne,0x38,i286op_repne,_cmp_ea_r8,base,_cmp_ea_r8
v30op_repne,0x39,i286op_repne,_cmp_ea_r16,base,_cmp_ea_r16
v30op_repne,0x3a,i286op_repne,_cmp_r8_ea,base,_cmp_r8_ea
v30op_repne,0x3b,i286op_repne,_cmp_r16_ea,base,_cmp_r16_ea
v30op_repne,0x3c,i286op_repne,_cmp_al_data8,base,_cmp_al_data8
v30op_repne,0x3d,i286op_repne,_cmp_ax_data16,base,_cmp_ax_data16
v30op_repne,0x3e,i286op_repne,_repne_segprefix_ds,patch,v30repne_segprefix_ds
v30op_repne,0x3f,i286op_repne,_aas,base,_aas
v30op_repne,0x40,i286op_repne,_inc_ax,base,_inc_ax
v30op_repne,0x41,i286op_repne,_inc_cx,base,_inc_cx
v30op_repne,0x42,i286op_repne,_inc_dx,base,_inc_dx
v30op_repne,0x43,i286op_repne,_inc_bx,base,_inc_bx
v30op_repne,0x44,i286op_repne,_inc_sp,base,_inc_sp
v30op_repne,0x45,i286op_repne,_inc_bp,base,_inc_bp
v30op_repne,0x46,i286op_repne,_inc_si,base,_inc_si
v30op_repne,0x47,i286op_repne,_inc_di,base,_inc_di
v30op_repne,0x48,i286op_repne,_dec_ax,base,_dec_ax
v30op_repne,0x49,i286op_repne,_dec_cx,base,_dec_cx
v30op_repne,0x4a,i286op_repne,_dec_dx,base,_dec_dx
v30op_repne,0x4b,i286op_repne,_dec_bx,base,_dec_bx
v30op_repne,0x4c,i286op_repne,_dec_sp,base,_dec_sp
v30op_repne,0x4d,i286op_repne,_dec_bp,base,_dec_bp
v30op_repne,0x4e,i286op_repne,_dec_si,base,_dec_si
v30op_repne,0x4f,i286op_repne,_dec_di,base,_dec_di
v30op_repne,0x50,i286op_repne,_push_ax,base,_push_ax
v30op_repne,0x51,i286op_repne,_push_cx,base,_push_cx
v30op_repne,0x52,i286op_repne,_push_dx,base,_push_dx
v30op_repne,0x53,i286op_repne,_push_bx,base,_push_bx
v30op_repne,0x54,i286op_repne,_push_sp,patch,v30push_sp
v30op_repne,0x55,i286op_repne,_push_bp,base,_push_bp
v30op_repne,0x56,i286op_repne,_push_si,base,_push_si
v30op_repne,0x57,i286op_repne,_push_di,base,_push_di
v30op_repne,0x58,i286op_repne,_pop_ax,base,_pop_ax
v30op_repne,0x59,i286op_repne,_pop_cx,base,_pop_cx
v30op_repne,0x5a,i286op_repne,_pop_dx,base,_pop_dx
v30op_repne,0x5b,i286op_repne,_pop_bx,base,_pop_bx
v30op_repne,0x5c,i286op_repne,_pop_sp,base,_pop_sp
v30op_repne,0x5d,i286op_repne,_pop_bp,base,_pop_bp
v30op_repne,0x5e,i286op_repne,_pop_si,base,_pop_si
v30op_repne,0x5f,i286op_repne,_pop_di,base,_pop_di
v30op_repne,0x60,i286op_repne,_pusha,base,_pusha
v30op_repne,0x61,i286op_repne,_popa,base,_popa
v30op_repne,0x62,i286op_repne,_bound,base,_bound
v30op_repne,0x63,i286op_repne,_arpl,patch,v30_reserved
v30op_repne,0x64,i286op_repne,_reserved,patch,v30_reserved
v30op_repne,0x65,i286op_repne,_reserved,patch,v30_reserved
v30op_repne,0x66,i286op_repne,_reserved,patch,v30_reserved
v30op_repne,0x67,i286op_repne,_reserved,patch,v30_reserved
v30op_repne,0x68,i286op_repne,_push_data16,base,_push_data16
v30op_repne,0x69,i286op_repne,_imul_reg_ea_data16,base,_imul_reg_ea_data16
v30op_repne,0x6a,i286op_repne,_push_data8,base,_push_data8
v30op_repne,0x6b,i286op_repne,_imul_reg_ea_data8,base,_imul_reg_ea_data8
v30op_repne,0x6c,i286op_repne,i286c_rep_insb,base,i286c_rep_insb
v30op_repne,0x6d,i286op_repne,i286c_rep_insw,base,i286c_rep_insw
v30op_repne,0x6e,i286op_repne,i286c_rep_outsb,base,i286c_rep_outsb
v30op_repne,0x6f,i286op_repne,i286c_rep_outsb,base,i286c_rep_outsb
v30op_repne,0x70,i286op_repne,_jo_short,base,_jo_short
v30op_repne,0x71,i286op_repne,_jno_short,base,_jno_short
v30op_repne,0x72,i286op_repne,_jc_short,base,_jc_short
v30op_repne,0x73,i286op_repne,_jnc_short,base,_jnc_short
v30op_repne,0x74,i286op_repne,_jz_short,base,_jz_short
v30op_repne,0x75,i286op_repne,_jnz_short,base,_jnz_short
v30op_repne,0x76,i286op_repne,_jna_short,base,_jna_short
v30op_repne,0x77,i286op_repne,_ja_short,base,_ja_short
v30op_repne,0x78,i286op_repne,_js_short,base,_js_short
v30op_repne,0x79,i286op_repne,_jns_short,base,_jns_short
v30op_repne,0x7a,i286op_repne,_jp_short,base,_jp_short
v30op_repne,0x7b,i286op_repne,_jnp_short,base,_jnp_short
v30op_repne,0x7c,i286op_repne,_jl_short,base,_jl_short
v30op_repne,0x7d,i286op_repne,_jnl_short,base,_jnl_short
v30op_repne,0x7e,i286op_repne,_jle_short,base,_jle_short
v30op_repne,0x7f,i286op_repne,_jnle_short,base,_jnle_short
v30op_repne,0x80,i286op_repne,_calc_ea8_i8,base,_calc_ea8_i8
v30op_repne,0x81,i286op_repne,_calc_ea16_i16,base,_calc_ea16_i16
v30op_repne,0x82,i286op_repne,_calc_ea8_i8,base,_calc_ea8_i8
v30op_repne,0x83,i286op_repne,_calc_ea16_i8,base,_calc_ea16_i8
v30op_repne,0x84,i286op_repne,_test_ea_r8,base,_test_ea_r8
v30op_repne,0x85,i286op_repne,_test_ea_r16,base,_test_ea_r16
v30op_repne,0x86,i286op_repne,_xchg_ea_r8,base,_xchg_ea_r8
v30op_repne,0x87,i286op_repne,_xchg_ea_r16,base,_xchg_ea_r16
v30op_repne,0x88,i286op_repne,_mov_ea_r8,base,_mov_ea_r8
v30op_repne,0x89,i286op_repne,_mov_ea_r16,base,_mov_ea_r16
v30op_repne,0x8a,i286op_repne,_mov_r8_ea,base,_mov_r8_ea
v30op_repne,0x8b,i286op_repne,_mov_r16_ea,base,_mov_r16_ea
v30op_repne,0x8c,i286op_repne,_mov_ea_seg,base,_mov_ea_seg
v30op_repne,0x8d,i286op_repne,_lea_r16_ea,base,_lea_r16_ea
v30op_repne,0x8e,i286op_repne,_mov_seg_ea,patch,v30mov_seg_ea
v30op_repne,0x8f,i286op_repne,_pop_ea,base,_pop_ea
v30op_repne,0x90,i286op_repne,_nop,base,_nop
v30op_repne,0x91,i286op_repne,_xchg_ax_cx,base,_xchg_ax_cx
v30op_repne,0x92,i286op_repne,_xchg_ax_dx,base,_xchg_ax_dx
v30op_repne,0x93,i286op_repne,_xchg_ax_bx,base,_xchg_ax_bx
v30op_repne,0x94,i286op_repne,_xchg_ax_sp,base,_xchg_ax_sp
v30op_repne,0x95,i286op_repne,_xchg_ax_bp,base,_xchg_ax_bp
v30op_repne,0x96,i286op_repne,_xchg_ax_si,base,_xchg_ax_si
v30op_repne,0x97,i286op_repne,_xchg_ax_di,base,_xchg_ax_di
v30op_repne,0x98,i286op_repne,_cbw,base,_cbw
v30op_repne,0x99,i286op_repne,_cwd,base,_cwd
v30op_repne,0x9a,i286op_repne,_call_far,base,_call_far
v30op_repne,0x9b,i286op_repne,_wait,base,_wait
v30op_repne,0x9c,i286op_repne,_pushf,patch,v30_pushf
v30op_repne,0x9d,i286op_repne,_popf,patch,v30_popf
v30op_repne,0x9e,i286op_repne,_sahf,base,_sahf
v30op_repne,0x9f,i286op_repne,_lahf,base,_lahf
v30op_repne,0xa0,i286op_repne,_mov_al_m8,base,_mov_al_m8
v30op_repne,0xa1,i286op_repne,_mov_ax_m16,base,_mov_ax_m16
v30op_repne,0xa2,i286op_repne,_mov_m8_al,base,_mov_m8_al
v30op_repne,0xa3,i286op_repne,_mov_m16_ax,base,_mov_m16_ax
v30op_repne,0xa4,i286op_repne,i286c_rep_movsb,base,i286c_rep_movsb
v30op_repne,0xa5,i286op_repne,i286c_rep_movsw,base,i286c_rep_movsw
v30op_repne,0xa6,i286op_repne,i286c_repne_cmpsb,base,i286c_repne_cmpsb
v30op_repne,0xa7,i286op_repne,i286c_repne_cmpsw,base,i286c_repne_cmpsw
v30op_repne,0xa8,i286op_repne,_test_al_data8,base,_test_al_data8
v30op_repne,0xa9,i286op_repne,_test_ax_data16,base,_test_ax_data16
v30op_repne,0xaa,i286op_repne,i286c_rep_stosb,base,i286c_rep_stosb
v30op_repne,0xab,i286op_repne,i286c_rep_stosw,base,i286c_rep_stosw
v30op_repne,0xac,i286op_repne,i286c_rep_lodsb,base,i286c_rep_lodsb
v30op_repne,0xad,i286op_repne,i286c_rep_lodsw,base,i286c_rep_lodsw
v30op_repne,0xae,i286op_repne,i286c_repne_scasb,base,i286c_repne_scasb
v30op_repne,0xaf,i286op_repne,i286c_repne_scasw,base,i286c_repne_scasw
v30op_repne,0xb0,i286op_repne,_mov_al_imm,base,_mov_al_imm
v30op_repne,0xb1,i286op_repne,_mov_cl_imm,base,_mov_cl_imm
v30op_repne,0xb2,i286op_repne,_mov_dl_imm,base,_mov_dl_imm
v30op_repne,0xb3,i286op_repne,_mov_bl_imm,base,_mov_bl_imm
v30op_repne,0xb4,i286op_repne,_mov_ah_imm,base,_mov_ah_imm
v30op_repne,0xb5,i286op_repne,_mov_ch_imm,base,_mov_ch_imm
v30op_repne,0xb6,i286op_repne,_mov_dh_imm,base,_mov_dh_imm
v30op_repne,0xb7,i286op_repne,_mov_bh_imm,base,_mov_bh_imm
v30op_repne,0xb8,i286op_repne,_mov_ax_imm,base,_mov_ax_imm
v30op_repne,0xb9,i286op_repne,_mov_cx_imm,base,_mov_cx_imm
v30op_repne,0xba,i286op_repne,_mov_dx_imm,base,_mov_dx_imm
v30op_repne,0xbb,i286op_repne,_mov_bx_imm,base,_mov_bx_imm
v30op_repne,0xbc,i286op_repne,_mov_sp_imm,base,_mov_sp_imm
v30op_repne,0xbd,i286op_repne,_mov_bp_imm,base,_mov_bp_imm
v30op_repne,0xbe,i286op_repne,_mov_si_imm,base,_mov_si_imm
v30op_repne,0xbf,i286op_repne,_mov_di_imm,base,_mov_di_imm
v30op_repne,0xc0,i286op_repne,_shift_ea8_data8,patch,v30shift_ea8_data8
v30op_repne,0xc1,i286op_repne,_shift_ea16_data8,patch,v30shift_ea16_data8
v30op_repne,0xc2,i286op_repne,_ret_near_data16,base,_ret_near_data16
v30op_repne,0xc3,i286op_repne,_ret_near,base,_ret_near
v30op_repne,0xc4,i286op_repne,_les_r16_ea,base,_les_r16_ea
v30op_repne,0xc5,i286op_repne,_lds_r16_ea,base,_lds_r16_ea
v30op_repne,0xc6,i286op_repne,_mov_ea8_data8,base,_mov_ea8_data8
v30op_repne,0xc7,i286op_repne,_mov_ea16_data16,base,_mov_ea16_data16
v30op_repne,0xc8,i286op_repne,_enter,base,_enter
v30op_repne,0xc9,i286op_repne,fleave,base,fleave
v30op_repne,0xca,i286op_repne,_ret_far_data16,base,_ret_far_data16
v30op_repne,0xcb,i286op_repne,_ret_far,base,_ret_far
v30op_repne,0xcc,i286op_repne,_int_03,base,_int_03
v30op_repne,0xcd,i286op_repne,_int_data8,base,_int_data8
v30op_repne,0xce,i286op_repne,_into,base,_into
v30op_repne,0xcf,i286op_repne,_iret,patch,v30_iret
v30op_repne,0xd0,i286op_repne,_shift_ea8_1,base,_shift_ea8_1
v30op_repne,0xd1,i286op_repne,_shift_ea16_1,base,_shift_ea16_1
v30op_repne,0xd2,i286op_repne,_shift_ea8_cl,patch,v30shift_ea8_cl
v30op_repne,0xd3,i286op_repne,_shift_ea16_cl,patch,v30shift_ea16_cl
v30op_repne,0xd4,i286op_repne,_aam,patch,v30_aam
v30op_repne,0xd5,i286op_repne,_aad,patch,v30_aad
v30op_repne,0xd6,i286op_repne,_setalc,patch,v30_xlat
v30op_repne,0xd7,i286op_repne,_xlat,base,_xlat
v30op_repne,0xd8,i286op_repne,_esc,base,_esc
v30op_repne,0xd9,i286op_repne,_esc,base,_esc
v30op_repne,0xda,i286op_repne,_esc,base,_esc
v30op_repne,0xdb,i286op_repne,_esc,base,_esc
v30op_repne,0xdc,i286op_repne,_esc,base,_esc
v30op_repne,0xdd,i286op_repne,_esc,base,_esc
v30op_repne,0xde,i286op_repne,_esc,base,_esc
v30op_repne,0xdf,i286op_repne,_esc,base,_esc
v30op_repne,0xe0,i286op_repne,_loopnz,base,_loopnz
v30op_repne,0xe1,i286op_repne,_loopz,base,_loopz
v30op_repne,0xe2,i286op_repne,_loop,base,_loop
v30op_repne,0xe3,i286op_repne,_jcxz,base,_jcxz
v30op_repne,0xe4,i286op_repne,_in_al_data8,base,_in_al_data8
v30op_repne,0xe5,i286op_repne,_in_ax_data8,base,_in_ax_data8
v30op_repne,0xe6,i286op_repne,_out_data8_al,base,_out_data8_al
v30op_repne,0xe7,i286op_repne,_out_data8_ax,base,_out_data8_ax
v30op_repne,0xe8,i286op_repne,_call_near,base,_call_near
v30op_repne,0xe9,i286op_repne,_jmp_near,base,_jmp_near
v30op_repne,0xea,i286op_repne,_jmp_far,base,_jmp_far
v30op_repne,0xeb,i286op_repne,_jmp_short,base,_jmp_short
v30op_repne,0xec,i286op_repne,_in_al_dx,base,_in_al_dx
v30op_repne,0xed,i286op_repne,_in_ax_dx,base,_in_ax_dx
v30op_repne,0xee,i286op_repne,_out_dx_al,base,_out_dx_al
v30op_repne,0xef,i286op_repne,_out_dx_ax,base,_out_dx_ax
v30op_repne,0xf0,i286op_repne,_lock,base,_lock
v30op_repne,0xf1,i286op_repne,_lock,base,_lock
v30op_repne,0xf2,i286op_repne,_repne,patch,v30_repne
v30op_repne,0xf3,i286op_repne,_repe,patch,v30_repe
v30op_repne,0xf4,i286op_repne,_hlt,base,_hlt
v30op_repne,0xf5,i286op_repne,_cmc,base,_cmc
v30op_repne,0xf6,i286op_repne,_ope0xf6,patch,v30_ope0xf6
v30op_repne,0xf7,i286op_repne,_ope0xf7,patch,v30_ope0xf7
v30op_repne,0xf8,i286op_repne,_clc,base,_clc
v30op_repne,0xf9,i286op_repne,_stc,base,_stc
v30op_repne,0xfa,i286op_repne,_cli,base,_cli
v30op_repne,0xfb,i286op_repne,_sti,base,_sti
v30op_repne,0xfc,i286op_repne,_cld,base,_cld
v30op_repne,0xfd,i286op_repne,_std,base,_std
v30op_repne,0xfe,i286op_repne,_ope0xfe,base,_ope0xfe
v30op_repne,0xff,i286op_repne,_ope0xff,base,_ope0xff
v30op_repe,0x00,i286op_repe,_add_ea_r8,base,_add_ea_r8
v30op_repe,0x01,i286op_repe,_add_ea_r16,base,_add_ea_r16
v30op_repe,0x02,i286op_repe,_add_r8_ea,base,_add_r8_ea
v30op_repe,0x03,i286op_repe,_add_r16_ea,base,_add_r16_ea
v30op_repe,0x04,i286op_repe,_add_al_data8,base,_add_al_data8
v30op_repe,0x05,i286op_repe,_add_ax_data16,base,_add_ax_data16
v30op_repe,0x06,i286op_repe,_push_es,base,_push_es
v30op_repe,0x07,i286op_repe,_pop_es,base,_pop_es
v30op_repe,0x08,i286op_repe,_or_ea_r8,base,_or_ea_r8
v30op_repe,0x09,i286op_repe,_or_ea_r16,base,_or_ea_r16
v30op_repe,0x0a,i286op_repe,_or_r8_ea,base,_or_r8_ea
v30op_repe,0x0b,i286op_repe,_or_r16_ea,base,_or_r16_ea
v30op_repe,0x0c,i286op_repe,_or_al_data8,base,_or_al_data8
v30op_repe,0x0d,i286op_repe,_or_ax_data16,base,_or_ax_data16
v30op_repe,0x0e,i286op_repe,_push_cs,base,_push_cs
v30op_repe,0x0f,i286op_repe,i286c_cts,base,i286c_cts
v30op_repe,0x10,i286op_repe,_adc_ea_r8,base,_adc_ea_r8
v30op_repe,0x11,i286op_repe,_adc_ea_r16,base,_adc_ea_r16
v30op_repe,0x12,i286op_repe,_adc_r8_ea,base,_adc_r8_ea
v30op_repe,0x13,i286op_repe,_adc_r16_ea,base,_adc_r16_ea
v30op_repe,0x14,i286op_repe,_adc_al_data8,base,_adc_al_data8
v30op_repe,0x15,i286op_repe,_adc_ax_data16,base,_adc_ax_data16
v30op_repe,0x16,i286op_repe,_push_ss,base,_push_ss
v30op_repe,0x17,i286op_repe,_pop_ss,base,_pop_ss
v30op_repe,0x18,i286op_repe,_sbb_ea_r8,base,_sbb_ea_r8
v30op_repe,0x19,i286op_repe,_sbb_ea_r16,base,_sbb_ea_r16
v30op_repe,0x1a,i286op_repe,_sbb_r8_ea,base,_sbb_r8_ea
v30op_repe,0x1b,i286op_repe,_sbb_r16_ea,base,_sbb_r16_ea
v30op_repe,0x1c,i286op_repe,_sbb_al_data8,base,_sbb_al_data8
v30op_repe,0x1d,i286op_repe,_sbb_ax_data16,base,_sbb_ax_data16
v30op_repe,0x1e,i286op_repe,_push_ds,base,_push_ds
v30op_repe,0x1f,i286op_repe,_pop_ds,base,_pop_ds
v30op_repe,0x20,i286op_repe,_and_ea_r8,base,_and_ea_r8
v30op_repe,0x21,i286op_repe,_and_ea_r16,base,_and_ea_r16
v30op_repe,0x22,i286op_repe,_and_r8_ea,base,_and_r8_ea
v30op_repe,0x23,i286op_repe,_and_r16_ea,base,_and_r16_ea
v30op_repe,0x24,i286op_repe,_and_al_data8,base,_and_al_data8
v30op_repe,0x25,i286op_repe,_and_ax_data16,base,_and_ax_data16
v30op_repe,0x26,i286op_repe,_repe_segprefix_es,patch,v30repe_segprefix_es
v30op_repe,0x27,i286op_repe,_daa,base,_daa
v30op_repe,0x28,i286op_repe,_sub_ea_r8,base,_sub_ea_r8
v30op_repe,0x29,i286op_repe,_sub_ea_r16,base,_sub_ea_r16
v30op_repe,0x2a,i286op_repe,_sub_r8_ea,base,_sub_r8_ea
v30op_repe,0x2b,i286op_repe,_sub_r16_ea,base,_sub_r16_ea
v30op_repe,0x2c,i286op_repe,_sub_al_data8,base,_sub_al_data8
v30op_repe,0x2d,i286op_repe,_sub_ax_data16,base,_sub_ax_data16
v30op_repe,0x2e,i286op_repe,_repe_segprefix_cs,patch,v30repe_segprefix_cs
v30op_repe,0x2f,i286op_repe,_das,base,_das
v30op_repe,0x30,i286op_repe,_xor_ea_r8,base,_xor_ea_r8
v30op_repe,0x31,i286op_repe,_xor_ea_r16,base,_xor_ea_r16
v30op_repe,0x32,i286op_repe,_xor_r8_ea,base,_xor_r8_ea
v30op_repe,0x33,i286op_repe,_xor_r16_ea,base,_xor_r16_ea
v30op_repe,0x34,i286op_repe,_xor_al_data8,base,_xor_al_data8
v30op_repe,0x35,i286op_repe,_xor_ax_data16,base,_xor_ax_data16
v30op_repe,0x36,i286op_repe,_repe_segprefix_ss,patch,v30repe_segprefix_ss
v30op_repe,0x37,i286op_repe,_aaa,base,_aaa
v30op_repe,0x38,i286op_repe,_cmp_ea_r8,base,_cmp_ea_r8
v30op_repe,0x39,i286op_repe,_cmp_ea_r16,base,_cmp_ea_r16
v30op_repe,0x3a,i286op_repe,_cmp_r8_ea,base,_cmp_r8_ea
v30op_repe,0x3b,i286op_repe,_cmp_r16_ea,base,_cmp_r16_ea
v30op_repe,0x3c,i286op_repe,_cmp_al_data8,base,_cmp_al_data8
v30op_repe,0x3d,i286op_repe,_cmp_ax_data16,base,_cmp_ax_data16
v30op_repe,0x3e,i286op_repe,_repe_segprefix_ds,patch,v30repe_segprefix_ds
v30op_repe,0x3f,i286op_repe,_aas,base,_aas
v30op_repe,0x40,i286op_repe,_inc_ax,base,_inc_ax
v30op_repe,0x41,i286op_repe,_inc_cx,base,_inc_cx
v30op_repe,0x42,i286op_repe,_inc_dx,base,_inc_dx
v30op_repe,0x43,i286op_repe,_inc_bx,base,_inc_bx
v30op_repe,0x44,i286op_repe,_inc_sp,base,_inc_sp
v30op_repe,0x45,i286op_repe,_inc_bp,base,_inc_bp
v30op_repe,0x46,i286op_repe,_inc_si,base,_inc_si
v30op_repe,0x47,i286op_repe,_inc_di,base,_inc_di
v30op_repe,0x48,i286op_repe,_dec_ax,base,_dec_ax
v30op_repe,0x49,i286op_repe,_dec_cx,base,_dec_cx
v30op_repe,0x4a,i286op_repe,_dec_dx,base,_dec_dx
v30op_repe,0x4b,i286op_repe,_dec_bx,base,_dec_bx
v30op_repe,0x4c,i286op_repe,_dec_sp,base,_dec_sp
v30op_repe,0x4d,i286op_repe,_dec_bp,base,_dec_bp
v30op_repe,0x4e,i286op_repe,_dec_si,base,_dec_si
v30op_repe,0x4f,i286op_repe,_dec_di,base,_dec_di
v30op_repe,0x50,i286op_repe,_push_ax,base,_push_ax
v30op_repe,0x51,i286op_repe,_push_cx,base,_push_cx
v30op_repe,0x52,i286op_repe,_push_dx,base,_push_dx
v30op_repe,0x53,i286op_repe,_push_bx,base,_push_bx
v30op_repe,0x54,i286op_repe,_push_sp,patch,v30push_sp
v30op_repe,0x55,i286op_repe,_push_bp,base,_push_bp
v30op_repe,0x56,i286op_repe,_push_si,base,_push_si
v30op_repe,0x57,i286op_repe,_push_di,base,_push_di
v30op_repe,0x58,i286op_repe,_pop_ax,base,_pop_ax
v30op_repe,0x59,i286op_repe,_pop_cx,base,_pop_cx
v30op_repe,0x5a,i286op_repe,_pop_dx,base,_pop_dx
v30op_repe,0x5b,i286op_repe,_pop_bx,base,_pop_bx
v30op_repe,0x5c,i286op_repe,_pop_sp,base,_pop_sp
v30op_repe,0x5d,i286op_repe,_pop_bp,base,_pop_bp
v30op_repe,0x5e,i286op_repe,_pop_si,base,_pop_si
v30op_repe,0x5f,i286op_repe,_pop_di,base,_pop_di
v30op_repe,0x60,i286op_repe,_pusha,base,_pusha
v30op_repe,0x61,i286op_repe,_popa,base,_popa
v30op_repe,0x62,i286op_repe,_bound,base,_bound
v30op_repe,0x63,i286op_repe,_arpl,patch,v30_reserved
v30op_repe,0x64,i286op_repe,_reserved,patch,v30_reserved
v30op_repe,0x65,i286op_repe,_reserved,patch,v30_reserved
v30op_repe,0x66,i286op_repe,_reserved,patch,v30_reserved
v30op_repe,0x67,i286op_repe,_reserved,patch,v30_reserved
v30op_repe,0x68,i286op_repe,_push_data16,base,_push_data16
v30op_repe,0x69,i286op_repe,_imul_reg_ea_data16,base,_imul_reg_ea_data16
v30op_repe,0x6a,i286op_repe,_push_data8,base,_push_data8
v30op_repe,0x6b,i286op_repe,_imul_reg_ea_data8,base,_imul_reg_ea_data8
v30op_repe,0x6c,i286op_repe,i286c_rep_insb,base,i286c_rep_insb
v30op_repe,0x6d,i286op_repe,i286c_rep_insw,base,i286c_rep_insw
v30op_repe,0x6e,i286op_repe,i286c_rep_outsb,base,i286c_rep_outsb
v30op_repe,0x6f,i286op_repe,i286c_rep_outsb,base,i286c_rep_outsb
v30op_repe,0x70,i286op_repe,_jo_short,base,_jo_short
v30op_repe,0x71,i286op_repe,_jno_short,base,_jno_short
v30op_repe,0x72,i286op_repe,_jc_short,base,_jc_short
v30op_repe,0x73,i286op_repe,_jnc_short,base,_jnc_short
v30op_repe,0x74,i286op_repe,_jz_short,base,_jz_short
v30op_repe,0x75,i286op_repe,_jnz_short,base,_jnz_short
v30op_repe,0x76,i286op_repe,_jna_short,base,_jna_short
v30op_repe,0x77,i286op_repe,_ja_short,base,_ja_short
v30op_repe,0x78,i286op_repe,_js_short,base,_js_short
v30op_repe,0x79,i286op_repe,_jns_short,base,_jns_short
v30op_repe,0x7a,i286op_repe,_jp_short,base,_jp_short
v30op_repe,0x7b,i286op_repe,_jnp_short,base,_jnp_short
v30op_repe,0x7c,i286op_repe,_jl_short,base,_jl_short
v30op_repe,0x7d,i286op_repe,_jnl_short,base,_jnl_short
v30op_repe,0x7e,i286op_repe,_jle_short,base,_jle_short
v30op_repe,0x7f,i286op_repe,_jnle_short,base,_jnle_short
v30op_repe,0x80,i286op_repe,_calc_ea8_i8,base,_calc_ea8_i8
v30op_repe,0x81,i286op_repe,_calc_ea16_i16,base,_calc_ea16_i16
v30op_repe,0x82,i286op_repe,_calc_ea8_i8,base,_calc_ea8_i8
v30op_repe,0x83,i286op_repe,_calc_ea16_i8,base,_calc_ea16_i8
v30op_repe,0x84,i286op_repe,_test_ea_r8,base,_test_ea_r8
v30op_repe,0x85,i286op_repe,_test_ea_r16,base,_test_ea_r16
v30op_repe,0x86,i286op_repe,_xchg_ea_r8,base,_xchg_ea_r8
v30op_repe,0x87,i286op_repe,_xchg_ea_r16,base,_xchg_ea_r16
v30op_repe,0x88,i286op_repe,_mov_ea_r8,base,_mov_ea_r8
v30op_repe,0x89,i286op_repe,_mov_ea_r16,base,_mov_ea_r16
v30op_repe,0x8a,i286op_repe,_mov_r8_ea,base,_mov_r8_ea
v30op_repe,0x8b,i286op_repe,_mov_r16_ea,base,_mov_r16_ea
v30op_repe,0x8c,i286op_repe,_mov_ea_seg,base,_mov_ea_seg
v30op_repe,0x8d,i286op_repe,_lea_r16_ea,base,_lea_r16_ea
v30op_repe,0x8e,i286op_repe,_mov_seg_ea,patch,v30mov_seg_ea
v30op_repe,0x8f,i286op_repe,_pop_ea,base,_pop_ea
v30op_repe,0x90,i286op_repe,_nop,base,_nop
v30op_repe,0x91,i286op_repe,_xchg_ax_cx,base,_xchg_ax_cx
v30op_repe,0x92,i286op_repe,_xchg_ax_dx,base,_xchg_ax_dx
v30op_repe,0x93,i286op_repe,_xchg_ax_bx,base,_xchg_ax_bx
v30op_repe,0x94,i286op_repe,_xchg_ax_sp,base,_xchg_ax_sp
v30op_repe,0x95,i286op_repe,_xchg_ax_bp,base,_xchg_ax_bp
v30op_repe,0x96,i286op_repe,_xchg_ax_si,base,_xchg_ax_si
v30op_repe,0x97,i286op_repe,_xchg_ax_di,base,_xchg_ax_di
v30op_repe,0x98,i286op_repe,_cbw,base,_cbw
v30op_repe,0x99,i286op_repe,_cwd,base,_cwd
v30op_repe,0x9a,i286op_repe,_call_far,base,_call_far
v30op_repe,0x9b,i286op_repe,_wait,base,_wait
v30op_repe,0x9c,i286op_repe,_pushf,patch,v30_pushf
v30op_repe,0x9d,i286op_repe,_popf,patch,v30_popf
v30op_repe,0x9e,i286op_repe,_sahf,base,_sahf
v30op_repe,0x9f,i286op_repe,_lahf,base,_lahf
v30op_repe,0xa0,i286op_repe,_mov_al_m8,base,_mov_al_m8
v30op_repe,0xa1,i286op_repe,_mov_ax_m16,base,_mov_ax_m16
v30op_repe,0xa2,i286op_repe,_mov_m8_al,base,_mov_m8_al
v30op_repe,0xa3,i286op_repe,_mov_m16_ax,base,_mov_m16_ax
v30op_repe,0xa4,i286op_repe,i286c_rep_movsb,base,i286c_rep_movsb
v30op_repe,0xa5,i286op_repe,i286c_rep_movsw,base,i286c_rep_movsw
v30op_repe,0xa6,i286op_repe,i286c_repe_cmpsb,base,i286c_repe_cmpsb
v30op_repe,0xa7,i286op_repe,i286c_repe_cmpsw,base,i286c_repe_cmpsw
v30op_repe,0xa8,i286op_repe,_test_al_data8,base,_test_al_data8
v30op_repe,0xa9,i286op_repe,_test_ax_data16,base,_test_ax_data16
v30op_repe,0xaa,i286op_repe,i286c_rep_stosb,base,i286c_rep_stosb
v30op_repe,0xab,i286op_repe,i286c_rep_stosw,base,i286c_rep_stosw
v30op_repe,0xac,i286op_repe,i286c_rep_lodsb,base,i286c_rep_lodsb
v30op_repe,0xad,i286op_repe,i286c_rep_lodsw,base,i286c_rep_lodsw
v30op_repe,0xae,i286op_repe,i286c_repe_scasb,base,i286c_repe_scasb
v30op_repe,0xaf,i286op_repe,i286c_repe_scasw,base,i286c_repe_scasw
v30op_repe,0xb0,i286op_repe,_mov_al_imm,base,_mov_al_imm
v30op_repe,0xb1,i286op_repe,_mov_cl_imm,base,_mov_cl_imm
v30op_repe,0xb2,i286op_repe,_mov_dl_imm,base,_mov_dl_imm
v30op_repe,0xb3,i286op_repe,_mov_bl_imm,base,_mov_bl_imm
v30op_repe,0xb4,i286op_repe,_mov_ah_imm,base,_mov_ah_imm
v30op_repe,0xb5,i286op_repe,_mov_ch_imm,base,_mov_ch_imm
v30op_repe,0xb6,i286op_repe,_mov_dh_imm,base,_mov_dh_imm
v30op_repe,0xb7,i286op_repe,_mov_bh_imm,base,_mov_bh_imm
v30op_repe,0xb8,i286op_repe,_mov_ax_imm,base,_mov_ax_imm
v30op_repe,0xb9,i286op_repe,_mov_cx_imm,base,_mov_cx_imm
v30op_repe,0xba,i286op_repe,_mov_dx_imm,base,_mov_dx_imm
v30op_repe,0xbb,i286op_repe,_mov_bx_imm,base,_mov_bx_imm
v30op_repe,0xbc,i286op_repe,_mov_sp_imm,base,_mov_sp_imm
v30op_repe,0xbd,i286op_repe,_mov_bp_imm,base,_mov_bp_imm
v30op_repe,0xbe,i286op_repe,_mov_si_imm,base,_mov_si_imm
v30op_repe,0xbf,i286op_repe,_mov_di_imm,base,_mov_di_imm
v30op_repe,0xc0,i286op_repe,_shift_ea8_data8,patch,v30shift_ea8_data8
v30op_repe,0xc1,i286op_repe,_shift_ea16_data8,patch,v30shift_ea16_data8
v30op_repe,0xc2,i286op_repe,_ret_near_data16,base,_ret_near_data16
v30op_repe,0xc3,i286op_repe,_ret_near,base,_ret_near
v30op_repe,0xc4,i286op_repe,_les_r16_ea,base,_les_r16_ea
v30op_repe,0xc5,i286op_repe,_lds_r16_ea,base,_lds_r16_ea
v30op_repe,0xc6,i286op_repe,_mov_ea8_data8,base,_mov_ea8_data8
v30op_repe,0xc7,i286op_repe,_mov_ea16_data16,base,_mov_ea16_data16
v30op_repe,0xc8,i286op_repe,_enter,base,_enter
v30op_repe,0xc9,i286op_repe,fleave,base,fleave
v30op_repe,0xca,i286op_repe,_ret_far_data16,base,_ret_far_data16
v30op_repe,0xcb,i286op_repe,_ret_far,base,_ret_far
v30op_repe,0xcc,i286op_repe,_int_03,base,_int_03
v30op_repe,0xcd,i286op_repe,_int_data8,base,_int_data8
v30op_repe,0xce,i286op_repe,_into,base,_into
v30op_repe,0xcf,i286op_repe,_iret,patch,v30_iret
v30op_repe,0xd0,i286op_repe,_shift_ea8_1,base,_shift_ea8_1
v30op_repe,0xd1,i286op_repe,_shift_ea16_1,base,_shift_ea16_1
v30op_repe,0xd2,i286op_repe,_shift_ea8_cl,patch,v30shift_ea8_cl
v30op_repe,0xd3,i286op_repe,_shift_ea16_cl,patch,v30shift_ea16_cl
v30op_repe,0xd4,i286op_repe,_aam,patch,v30_aam
v30op_repe,0xd5,i286op_repe,_aad,patch,v30_aad
v30op_repe,0xd6,i286op_repe,_setalc,patch,v30_xlat
v30op_repe,0xd7,i286op_repe,_xlat,base,_xlat
v30op_repe,0xd8,i286op_repe,_esc,base,_esc
v30op_repe,0xd9,i286op_repe,_esc,base,_esc
v30op_repe,0xda,i286op_repe,_esc,base,_esc
v30op_repe,0xdb,i286op_repe,_esc,base,_esc
v30op_repe,0xdc,i286op_repe,_esc,base,_esc
v30op_repe,0xdd,i286op_repe,_esc,base,_esc
v30op_repe,0xde,i286op_repe,_esc,base,_esc
v30op_repe,0xdf,i286op_repe,_esc,base,_esc
v30op_repe,0xe0,i286op_repe,_loopnz,base,_loopnz
v30op_repe,0xe1,i286op_repe,_loopz,base,_loopz
v30op_repe,0xe2,i286op_repe,_loop,base,_loop
v30op_repe,0xe3,i286op_repe,_jcxz,base,_jcxz
v30op_repe,0xe4,i286op_repe,_in_al_data8,base,_in_al_data8
v30op_repe,0xe5,i286op_repe,_in_ax_data8,base,_in_ax_data8
v30op_repe,0xe6,i286op_repe,_out_data8_al,base,_out_data8_al
v30op_repe,0xe7,i286op_repe,_out_data8_ax,base,_out_data8_ax
v30op_repe,0xe8,i286op_repe,_call_near,base,_call_near
v30op_repe,0xe9,i286op_repe,_jmp_near,base,_jmp_near
v30op_repe,0xea,i286op_repe,_jmp_far,base,_jmp_far
v30op_repe,0xeb,i286op_repe,_jmp_short,base,_jmp_short
v30op_repe,0xec,i286op_repe,_in_al_dx,base,_in_al_dx
v30op_repe,0xed,i286op_repe,_in_ax_dx,base,_in_ax_dx
v30op_repe,0xee,i286op_repe,_out_dx_al,base,_out_dx_al
v30op_repe,0xef,i286op_repe,_out_dx_ax,base,_out_dx_ax
v30op_repe,0xf0,i286op_repe,_lock,base,_lock
v30op_repe,0xf1,i286op_repe,_lock,base,_lock
v30op_repe,0xf2,i286op_repe,_repne,patch,v30_repne
v30op_repe,0xf3,i286op_repe,_repe,patch,v30_repe
v30op_repe,0xf4,i286op_repe,_hlt,base,_hlt
v30op_repe,0xf5,i286op_repe,_cmc,base,_cmc
v30op_repe,0xf6,i286op_repe,_ope0xf6,patch,v30_ope0xf6
v30op_repe,0xf7,i286op_repe,_ope0xf7,patch,v30_ope0xf7
v30op_repe,0xf8,i286op_repe,_clc,base,_clc
v30op_repe,0xf9,i286op_repe,_stc,base,_stc
v30op_repe,0xfa,i286op_repe,_cli,base,_cli
v30op_repe,0xfb,i286op_repe,_sti,base,_sti
v30op_repe,0xfc,i286op_repe,_cld,base,_cld
v30op_repe,0xfd,i286op_repe,_std,base,_std
v30op_repe,0xfe,i286op_repe,_ope0xfe,base,_ope0xfe
v30op_repe,0xff,i286op_repe,_ope0xff,base,_ope0xff
v30op_repc,0x00,fill:v30_reserved_repc,v30_reserved_repc,base,v30_reserved_repc
v30op_repc,0x01,fill:v30_reserved_repc,v30_reserved_repc,base,v30_reserved_repc
v30op_repc,0x02,fill:v30_reserved_repc,v30_reserved_repc,base,v30_reserved_repc
v30op_repc,0x03,fill:v30_reserved_repc,v30_reserved_repc,base,v30_reserved_repc
v30op_repc,0x04,fill:v30_reserved_repc,v30_reserved_repc,base,v30_reserved_repc
v30op_repc,0x05,fill:v30_reserved_repc,v30_reserved_repc,base,v30_reserved_repc
v30op_repc,0x06,fill:v30_reserved_repc,v30_reserved_repc,base,v30_reserved_repc
v30op_repc,0x07,fill:v30_reserved_repc,v30_reserved_repc,base,v30_reserved_repc
v30op_repc,0x08,fill:v30_reserved_repc,v30_reserved_repc,base,v30_reserved_repc
v30op_repc,0x09,fill:v30_reserved_repc,v30_reserved_repc,base,v30_reserved_repc
v30op_repc,0x0a,fill:v30_reserved_repc,v30_reserved_repc,base,v30_reserved_repc
v30op_repc,0x0b,fill:v30_reserved_repc,v30_reserved_repc,base,v30_reserved_repc
v30op_repc,0x0c,fill:v30_reserved_repc,v30_reserved_repc,base,v30_reserved_repc
v30op_repc,0x0d,fill:v30_reserved_repc,v30_reserved_repc,base,v30_reserved_repc
v30op_repc,0x0e,fill:v30_reserved_repc,v30_reserved_repc,base,v30_reserved_repc
v30op_repc,0x0f,fill:v30_reserved_repc,v30_reserved_repc,base,v30_reserved_repc
v30op_repc,0x10,fill:v30_reserved_repc,v30_reserved_repc,base,v30_reserved_repc
v30op_repc,0x11,fill:v30_reserved_repc,v30_reserved_repc,base,v30_reserved_repc
v30op_repc,0x12,fill:v30_reserved_repc,v30_reserved_repc,base,v30_reserved_repc
v30op_repc,0x13,fill:v30_reserved_repc,v30_reserved_repc,base,v30_reserved_repc
v30op_repc,0x14,fill:v30_reserved_repc,v30_reserved_repc,base,v30_reserved_repc
v30op_repc,0x15,fill:v30_reserved_repc,v30_reserved_repc,base,v30_reserved_repc
v30op_repc,0x16,fill:v30_reserved_repc,v30_reserved_repc,base,v30_reserved_repc
v30op_repc,0x17,fill:v30_reserved_repc,v30_reserved_repc,base,v30_reserved_repc
v30op_repc,0x18,fill:v30_reserved_repc,v30_reserved_repc,base,v30_reserved_repc
v30op_repc,0x19,fill:v30_reserved_repc,v30_reserved_repc,base,v30_reserved_repc
v30op_repc,0x1a,fill:v30_reserved_repc,v30_reserved_repc,base,v30_reserved_repc
v30op_repc,0x1b,fill:v30_reserved_repc,v30_reserved_repc,base,v30_reserved_repc
v30op_repc,0x1c,fill:v30_reserved_repc,v30_reserved_repc,base,v30_reserved_repc
v30op_repc,0x1d,fill:v30_reserved_repc,v30_reserved_repc,base,v30_reserved_repc
v30op_repc,0x1e,fill:v30_reserved_repc,v30_reserved_repc,base,v30_reserved_repc
v30op_repc,0x1f,fill:v30_reserved_repc,v30_reserved_repc,base,v30_reserved_repc
v30op_repc,0x20,fill:v30_reserved_repc,v30_reserved_repc,base,v30_reserved_repc
v30op_repc,0x21,fill:v30_reserved_repc,v30_reserved_repc,base,v30_reserved_repc
v30op_repc,0x22,fill:v30_reserved_repc,v30_reserved_repc,base,v30_reserved_repc
v30op_repc,0x23,fill:v30_reserved_repc,v30_reserved_repc,base,v30_reserved_repc
v30op_repc,0x24,fill:v30_reserved_repc,v30_reserved_repc,base,v30_reserved_repc
v30op_repc,0x25,fill:v30_reserved_repc,v30_reserved_repc,base,v30_reserved_repc
v30op_repc,0x26,fill:v30_reserved_repc,v30_reserved_repc,patch,v30repc_segprefix_es
v30op_repc,0x27,fill:v30_reserved_repc,v30_reserved_repc,base,v30_reserved_repc
v30op_repc,0x28,fill:v30_reserved_repc,v30_reserved_repc,base,v30_reserved_repc
v30op_repc,0x29,fill:v30_reserved_repc,v30_reserved_repc,base,v30_reserved_repc
v30op_repc,0x2a,fill:v30_reserved_repc,v30_reserved_repc,base,v30_reserved_repc
v30op_repc,0x2b,fill:v30_reserved_repc,v30_reserved_repc,base,v30_reserved_repc
v30op_repc,0x2c,fill:v30_reserved_repc,v30_reserved_repc,base,v30_reserved_repc
v30op_repc,0x2d,fill:v30_reserved_repc,v30_reserved_repc,base,v30_reserved_repc
v30op_repc,0x2e,fill:v30_reserved_repc,v30_reserved_repc,patch,v30repc_segprefix_cs
v30op_repc,0x2f,fill:v30_reserved_repc,v30_reserved_repc,base,v30_reserved_repc
v30op_repc,0x30,fill:v30_reserved_repc,v30_reserved_repc,base,v30_reserved_repc
v30op_repc,0x31,fill:v30_reserved_repc,v30_reserved_repc,base,v30_reserved_repc
v30op_repc,0x32,fill:v30_reserved_repc,v30_reserved_repc,base,v30_reserved_repc
v30op_repc,0x33,fill:v30_reserved_repc,v30_reserved_repc,base,v30_reserved_repc
v30op_repc,0x34,fill:v30_reserved_repc,v30_reserved_repc,base,v30_reserved_repc
v30op_repc,0x35,fill:v30_reserved_repc,v30_reserved_repc,base,v30_reserved_repc
v30op_repc,0x36,fill:v30_reserved_repc,v30_reserved_repc,patch,v30repc_segprefix_ss
v30op_repc,0x37,fill:v30_reserved_repc,v30_reserved_repc,base,v30_reserved_repc
v30op_repc,0x38,fill:v30_reserved_repc,v30_reserved_repc,base,v30_reserved_repc
v30op_repc,0x39,fill:v30_reserved_repc,v30_reserved_repc,base,v30_reserved_repc
v30op_repc,0x3a,fill:v30_reserved_repc,v30_reserved_repc,base,v30_reserved_repc
v30op_repc,0x3b,fill:v30_reserved_repc,v30_reserved_repc,base,v30_reserved_repc
v30op_repc,0x3c,fill:v30_reserved_repc,v30_reserved_repc,base,v30_reserved_repc
v30op_repc,0x3d,fill:v30_reserved_repc,v30_reserved_repc,base,v30_reserved_repc
v30op_repc,0x3e,fill:v30_reserved_repc,v30_reserved_repc,patch,v30repc_segprefix_ds
v30op_repc,0x3f,fill:v30_reserved_repc,v30_reserved_repc,base,v30_reserved_repc
v30op_repc,0x40,fill:v30_reserved_repc,v30_reserved_repc,base,v30_reserved_repc
v30op_repc,0x41,fill:v30_reserved_repc,v30_reserved_repc,base,v30_reserved_repc
v30op_repc,0x42,fill:v30_reserved_repc,v30_reserved_repc,base,v30_reserved_repc
v30op_repc,0x43,fill:v30_reserved_repc,v30_reserved_repc,base,v30_reserved_repc
v30op_repc,0x44,fill:v30_reserved_repc,v30_reserved_repc,base,v30_reserved_repc
v30op_repc,0x45,fill:v30_reserved_repc,v30_reserved_repc,base,v30_reserved_repc
v30op_repc,0x46,fill:v30_reserved_repc,v30_reserved_repc,base,v30_reserved_repc
v30op_repc,0x47,fill:v30_reserved_repc,v30_reserved_repc,base,v30_reserved_repc
v30op_repc,0x48,fill:v30_reserved_repc,v30_reserved_repc,base,v30_reserved_repc
v30op_repc,0x49,fill:v30_reserved_repc,v30_reserved_repc,base,v30_reserved_repc
v30op_repc,0x4a,fill:v30_reserved_repc,v30_reserved_repc,base,v30_reserved_repc
v30op_repc,0x4b,fill:v30_reserved_repc,v30_reserved_repc,base,v30_reserved_repc
v30op_repc,0x4c,fill:v30_reserved_repc,v30_reserved_repc,base,v30_reserved_repc
v30op_repc,0x4d,fill:v30_reserved_repc,v30_reserved_repc,base,v30_reserved_repc
v30op_repc,0x4e,fill:v30_reserved_repc,v30_reserved_repc,base,v30_reserved_repc
v30op_repc,0x4f,fill:v30_reserved_repc,v30_reserved_repc,base,v30_reserved_repc
v30op_repc,0x50,fill:v30_reserved_repc,v30_reserved_repc,base,v30_reserved_repc
v30op_repc,0x51,fill:v30_reserved_repc,v30_reserved_repc,base,v30_reserved_repc
v30op_repc,0x52,fill:v30_reserved_repc,v30_reserved_repc,base,v30_reserved_repc
v30op_repc,0x53,fill:v30_reserved_repc,v30_reserved_repc,base,v30_reserved_repc
v30op_repc,0x54,fill:v30_reserved_repc,v30_reserved_repc,base,v30_reserved_repc
v30op_repc,0x55,fill:v30_reserved_repc,v30_reserved_repc,base,v30_reserved_repc
v30op_repc,0x56,fill:v30_reserved_repc,v30_reserved_repc,base,v30_reserved_repc
v30op_repc,0x57,fill:v30_reserved_repc,v30_reserved_repc,base,v30_reserved_repc
v30op_repc,0x58,fill:v30_reserved_repc,v30_reserved_repc,base,v30_reserved_repc
v30op_repc,0x59,fill:v30_reserved_repc,v30_reserved_repc,base,v30_reserved_repc
v30op_repc,0x5a,fill:v30_reserved_repc,v30_reserved_repc,base,v30_reserved_repc
v30op_repc,0x5b,fill:v30_reserved_repc,v30_reserved_repc,base,v30_reserved_repc
v30op_repc,0x5c,fill:v30_reserved_repc,v30_reserved_repc,base,v30_reserved_repc
v30op_repc,0x5d,fill:v30_reserved_repc,v30_reserved_repc,base,v30_reserved_repc
v30op_repc,0x5e,fill:v30_reserved_repc,v30_reserved_repc,base,v30_reserved_repc
v30op_repc,0x5f,fill:v30_reserved_repc,v30_reserved_repc,base,v30_reserved_repc
v30op_repc,0x60,fill:v30_reserved_repc,v30_reserved_repc,base,v30_reserved_repc
v30op_repc,0x61,fill:v30_reserved_repc,v30_reserved_repc,base,v30_reserved_repc
v30op_repc,0x62,fill:v30_reserved_repc,v30_reserved_repc,base,v30_reserved_repc
v30op_repc,0x63,fill:v30_reserved_repc,v30_reserved_repc,base,v30_reserved_repc
v30op_repc,0x64,fill:v30_reserved_repc,v30_reserved_repc,base,v30_reserved_repc
v30op_repc,0x65,fill:v30_reserved_repc,v30_reserved_repc,base,v30_reserved_repc
v30op_repc,0x66,fill:v30_reserved_repc,v30_reserved_repc,base,v30_reserved_repc
v30op_repc,0x67,fill:v30_reserved_repc,v30_reserved_repc,base,v30_reserved_repc
v30op_repc,0x68,fill:v30_reserved_repc,v30_reserved_repc,base,v30_reserved_repc
v30op_repc,0x69,fill:v30_reserved_repc,v30_reserved_repc,base,v30_reserved_repc
v30op_repc,0x6a,fill:v30_reserved_repc,v30_reserved_repc,base,v30_reserved_repc
v30op_repc,0x6b,fill:v30_reserved_repc,v30_reserved_repc,base,v30_reserved_repc
v30op_repc,0x6c,fill:v30_reserved_repc,v30_reserved_repc,base,v30_reserved_repc
v30op_repc,0x6d,fill:v30_reserved_repc,v30_reserved_repc,base,v30_reserved_repc
v30op_repc,0x6e,fill:v30_reserved_repc,v30_reserved_repc,base,v30_reserved_repc
v30op_repc,0x6f,fill:v30_reserved_repc,v30_reserved_repc,base,v30_reserved_repc
v30op_repc,0x70,fill:v30_reserved_repc,v30_reserved_repc,base,v30_reserved_repc
v30op_repc,0x71,fill:v30_reserved_repc,v30_reserved_repc,base,v30_reserved_repc
v30op_repc,0x72,fill:v30_reserved_repc,v30_reserved_repc,base,v30_reserved_repc
v30op_repc,0x73,fill:v30_reserved_repc,v30_reserved_repc,base,v30_reserved_repc
v30op_repc,0x74,fill:v30_reserved_repc,v30_reserved_repc,base,v30_reserved_repc
v30op_repc,0x75,fill:v30_reserved_repc,v30_reserved_repc,base,v30_reserved_repc
v30op_repc,0x76,fill:v30_reserved_repc,v30_reserved_repc,base,v30_reserved_repc
v30op_repc,0x77,fill:v30_reserved_repc,v30_reserved_repc,base,v30_reserved_repc
v30op_repc,0x78,fill:v30_reserved_repc,v30_reserved_repc,base,v30_reserved_repc
v30op_repc,0x79,fill:v30_reserved_repc,v30_reserved_repc,base,v30_reserved_repc
v30op_repc,0x7a,fill:v30_reserved_repc,v30_reserved_repc,base,v30_reserved_repc
v30op_repc,0x7b,fill:v30_reserved_repc,v30_reserved_repc,base,v30_reserved_repc
v30op_repc,0x7c,fill:v30_reserved_repc,v30_reserved_repc,base,v30_reserved_repc
v30op_repc,0x7d,fill:v30_reserved_repc,v30_reserved_repc,base,v30_reserved_repc
v30op_repc,0x7e,fill:v30_reserved_repc,v30_reserved_repc,base,v30_reserved_repc
v30op_repc,0x7f,fill:v30_reserved_repc,v30_reserved_repc,base,v30_reserved_repc
v30op_repc,0x80,fill:v30_reserved_repc,v30_reserved_repc,base,v30_reserved_repc
v30op_repc,0x81,fill:v30_reserved_repc,v30_reserved_repc,base,v30_reserved_repc
v30op_repc,0x82,fill:v30_reserved_repc,v30_reserved_repc,base,v30_reserved_repc
v30op_repc,0x83,fill:v30_reserved_repc,v30_reserved_repc,base,v30_reserved_repc
v30op_repc,0x84,fill:v30_reserved_repc,v30_reserved_repc,base,v30_reserved_repc
v30op_repc,0x85,fill:v30_reserved_repc,v30_reserved_repc,base,v30_reserved_repc
v30op_repc,0x86,fill:v30_reserved_repc,v30_reserved_repc,base,v30_reserved_repc
v30op_repc,0x87,fill:v30_reserved_repc,v30_reserved_repc,base,v30_reserved_repc
v30op_repc,0x88,fill:v30_reserved_repc,v30_reserved_repc,base,v30_reserved_repc
v30op_repc,0x89,fill:v30_reserved_repc,v30_reserved_repc,base,v30_reserved_repc
v30op_repc,0x8a,fill:v30_reserved_repc,v30_reserved_repc,base,v30_reserved_repc
v30op_repc,0x8b,fill:v30_reserved_repc,v30_reserved_repc,base,v30_reserved_repc
v30op_repc,0x8c,fill:v30_reserved_repc,v30_reserved_repc,base,v30_reserved_repc
v30op_repc,0x8d,fill:v30_reserved_repc,v30_reserved_repc,base,v30_reserved_repc
v30op_repc,0x8e,fill:v30_reserved_repc,v30_reserved_repc,base,v30_reserved_repc
v30op_repc,0x8f,fill:v30_reserved_repc,v30_reserved_repc,base,v30_reserved_repc
v30op_repc,0x90,fill:v30_reserved_repc,v30_reserved_repc,base,v30_reserved_repc
v30op_repc,0x91,fill:v30_reserved_repc,v30_reserved_repc,base,v30_reserved_repc
v30op_repc,0x92,fill:v30_reserved_repc,v30_reserved_repc,base,v30_reserved_repc
v30op_repc,0x93,fill:v30_reserved_repc,v30_reserved_repc,base,v30_reserved_repc
v30op_repc,0x94,fill:v30_reserved_repc,v30_reserved_repc,base,v30_reserved_repc
v30op_repc,0x95,fill:v30_reserved_repc,v30_reserved_repc,base,v30_reserved_repc
v30op_repc,0x96,fill:v30_reserved_repc,v30_reserved_repc,base,v30_reserved_repc
v30op_repc,0x97,fill:v30_reserved_repc,v30_reserved_repc,base,v30_reserved_repc
v30op_repc,0x98,fill:v30_reserved_repc,v30_reserved_repc,base,v30_reserved_repc
v30op_repc,0x99,fill:v30_reserved_repc,v30_reserved_repc,base,v30_reserved_repc
v30op_repc,0x9a,fill:v30_reserved_repc,v30_reserved_repc,base,v30_reserved_repc
v30op_repc,0x9b,fill:v30_reserved_repc,v30_reserved_repc,base,v30_reserved_repc
v30op_repc,0x9c,fill:v30_reserved_repc,v30_reserved_repc,base,v30_reserved_repc
v30op_repc,0x9d,fill:v30_reserved_repc,v30_reserved_repc,base,v30_reserved_repc
v30op_repc,0x9e,fill:v30_reserved_repc,v30_reserved_repc,base,v30_reserved_repc
v30op_repc,0x9f,fill:v30_reserved_repc,v30_reserved_repc,base,v30_reserved_repc
v30op_repc,0xa0,fill:v30_reserved_repc,v30_reserved_repc,base,v30_reserved_repc
v30op_repc,0xa1,fill:v30_reserved_repc,v30_reserved_repc,base,v30_reserved_repc
v30op_repc,0xa2,fill:v30_reserved_repc,v30_reserved_repc,base,v30_reserved_repc
v30op_repc,0xa3,fill:v30_reserved_repc,v30_reserved_repc,base,v30_reserved_repc
v30op_repc,0xa4,fill:v30_reserved_repc,v30_reserved_repc,base,v30_reserved_repc
v30op_repc,0xa5,fill:v30_reserved_repc,v30_reserved_repc,base,v30_reserved_repc
v30op_repc,0xa6,fill:v30_reserved_repc,v30_reserved_repc,base,v30_reserved_repc
v30op_repc,0xa7,fill:v30_reserved_repc,v30_reserved_repc,base,v30_reserved_repc
v30op_repc,0xa8,fill:v30_reserved_repc,v30_reserved_repc,base,v30_reserved_repc
v30op_repc,0xa9,fill:v30_reserved_repc,v30_reserved_repc,base,v30_reserved_repc
v30op_repc,0xaa,fill:v30_reserved_repc,v30_reserved_repc,base,v30_reserved_repc
v30op_repc,0xab,fill:v30_reserved_repc,v30_reserved_repc,base,v30_reserved_repc
v30op_repc,0xac,fill:v30_reserved_repc,v30_reserved_repc,base,v30_reserved_repc
v30op_repc,0xad,fill:v30_reserved_repc,v30_reserved_repc,base,v30_reserved_repc
v30op_repc,0xae,fill:v30_reserved_repc,v30_reserved_repc,patch,v30repc_xscasb
v30op_repc,0xaf,fill:v30_reserved_repc,v30_reserved_repc,base,v30_reserved_repc
v30op_repc,0xb0,fill:v30_reserved_repc,v30_reserved_repc,base,v30_reserved_repc
v30op_repc,0xb1,fill:v30_reserved_repc,v30_reserved_repc,base,v30_reserved_repc
v30op_repc,0xb2,fill:v30_reserved_repc,v30_reserved_repc,base,v30_reserved_repc
v30op_repc,0xb3,fill:v30_reserved_repc,v30_reserved_repc,base,v30_reserved_repc
v30op_repc,0xb4,fill:v30_reserved_repc,v30_reserved_repc,base,v30_reserved_repc
v30op_repc,0xb5,fill:v30_reserved_repc,v30_reserved_repc,base,v30_reserved_repc
v30op_repc,0xb6,fill:v30_reserved_repc,v30_reserved_repc,base,v30_reserved_repc
v30op_repc,0xb7,fill:v30_reserved_repc,v30_reserved_repc,base,v30_reserved_repc
v30op_repc,0xb8,fill:v30_reserved_repc,v30_reserved_repc,base,v30_reserved_repc
v30op_repc,0xb9,fill:v30_reserved_repc,v30_reserved_repc,base,v30_reserved_repc
v30op_repc,0xba,fill:v30_reserved_repc,v30_reserved_repc,base,v30_reserved_repc
v30op_repc,0xbb,fill:v30_reserved_repc,v30_reserved_repc,base,v30_reserved_repc
v30op_repc,0xbc,fill:v30_reserved_repc,v30_reserved_repc,base,v30_reserved_repc
v30op_repc,0xbd,fill:v30_reserved_repc,v30_reserved_repc,base,v30_reserved_repc
v30op_repc,0xbe,fill:v30_reserved_repc,v30_reserved_repc,base,v30_reserved_repc
v30op_repc,0xbf,fill:v30_reserved_repc,v30_reserved_repc,base,v30_reserved_repc
v30op_repc,0xc0,fill:v30_reserved_repc,v30_reserved_repc,base,v30_reserved_repc
v30op_repc,0xc1,fill:v30_reserved_repc,v30_reserved_repc,base,v30_reserved_repc
v30op_repc,0xc2,fill:v30_reserved_repc,v30_reserved_repc,base,v30_reserved_repc
v30op_repc,0xc3,fill:v30_reserved_repc,v30_reserved_repc,base,v30_reserved_repc
v30op_repc,0xc4,fill:v30_reserved_repc,v30_reserved_repc,base,v30_reserved_repc
v30op_repc,0xc5,fill:v30_reserved_repc,v30_reserved_repc,base,v30_reserved_repc
v30op_repc,0xc6,fill:v30_reserved_repc,v30_reserved_repc,base,v30_reserved_repc
v30op_repc,0xc7,fill:v30_reserved_repc,v30_reserved_repc,base,v30_reserved_repc
v30op_repc,0xc8,fill:v30_reserved_repc,v30_reserved_repc,base,v30_reserved_repc
v30op_repc,0xc9,fill:v30_reserved_repc,v30_reserved_repc,base,v30_reserved_repc
v30op_repc,0xca,fill:v30_reserved_repc,v30_reserved_repc,base,v30_reserved_repc
v30op_repc,0xcb,fill:v30_reserved_repc,v30_reserved_repc,base,v30_reserved_repc
v30op_repc,0xcc,fill:v30_reserved_repc,v30_reserved_repc,base,v30_reserved_repc
v30op_repc,0xcd,fill:v30_reserved_repc,v30_reserved_repc,base,v30_reserved_repc
v30op_repc,0xce,fill:v30_reserved_repc,v30_reserved_repc,base,v30_reserved_repc
v30op_repc,0xcf,fill:v30_reserved_repc,v30_reserved_repc,base,v30_reserved_repc
v30op_repc,0xd0,fill:v30_reserved_repc,v30_reserved_repc,base,v30_reserved_repc
v30op_repc,0xd1,fill:v30_reserved_repc,v30_reserved_repc,base,v30_reserved_repc
v30op_repc,0xd2,fill:v30_reserved_repc,v30_reserved_repc,base,v30_reserved_repc
v30op_repc,0xd3,fill:v30_reserved_repc,v30_reserved_repc,base,v30_reserved_repc
v30op_repc,0xd4,fill:v30_reserved_repc,v30_reserved_repc,base,v30_reserved_repc
v30op_repc,0xd5,fill:v30_reserved_repc,v30_reserved_repc,base,v30_reserved_repc
v30op_repc,0xd6,fill:v30_reserved_repc,v30_reserved_repc,base,v30_reserved_repc
v30op_repc,0xd7,fill:v30_reserved_repc,v30_reserved_repc,base,v30_reserved_repc
v30op_repc,0xd8,fill:v30_reserved_repc,v30_reserved_repc,base,v30_reserved_repc
v30op_repc,0xd9,fill:v30_reserved_repc,v30_reserved_repc,base,v30_reserved_repc
v30op_repc,0xda,fill:v30_reserved_repc,v30_reserved_repc,base,v30_reserved_repc
v30op_repc,0xdb,fill:v30_reserved_repc,v30_reserved_repc,base,v30_reserved_repc
v30op_repc,0xdc,fill:v30_reserved_repc,v30_reserved_repc,base,v30_reserved_repc
v30op_repc,0xdd,fill:v30_reserved_repc,v30_reserved_repc,base,v30_reserved_repc
v30op_repc,0xde,fill:v30_reserved_repc,v30_reserved_repc,base,v30_reserved_repc
v30op_repc,0xdf,fill:v30_reserved_repc,v30_reserved_repc,base,v30_reserved_repc
v30op_repc,0xe0,fill:v30_reserved_repc,v30_reserved_repc,base,v30_reserved_repc
v30op_repc,0xe1,fill:v30_reserved_repc,v30_reserved_repc,base,v30_reserved_repc
v30op_repc,0xe2,fill:v30_reserved_repc,v30_reserved_repc,base,v30_reserved_repc
v30op_repc,0xe3,fill:v30_reserved_repc,v30_reserved_repc,base,v30_reserved_repc
v30op_repc,0xe4,fill:v30_reserved_repc,v30_reserved_repc,base,v30_reserved_repc
v30op_repc,0xe5,fill:v30_reserved_repc,v30_reserved_repc,base,v30_reserved_repc
v30op_repc,0xe6,fill:v30_reserved_repc,v30_reserved_repc,base,v30_reserved_repc
v30op_repc,0xe7,fill:v30_reserved_repc,v30_reserved_repc,base,v30_reserved_repc
v30op_repc,0xe8,fill:v30_reserved_repc,v30_reserved_repc,base,v30_reserved_repc
v30op_repc,0xe9,fill:v30_reserved_repc,v30_reserved_repc,base,v30_reserved_repc
v30op_repc,0xea,fill:v30_reserved_repc,v30_reserved_repc,base,v30_reserved_repc
v30op_repc,0xeb,fill:v30_reserved_repc,v30_reserved_repc,base,v30_reserved_repc
v30op_repc,0xec,fill:v30_reserved_repc,v30_reserved_repc,base,v30_reserved_repc
v30op_repc,0xed,fill:v30_reserved_repc,v30_reserved_repc,base,v30_reserved_repc
v30op_repc,0xee,fill:v30_reserved_repc,v30_reserved_repc,base,v30_reserved_repc
v30op_repc,0xef,fill:v30_reserved_repc,v30_reserved_repc,base,v30_reserved_repc
v30op_repc,0xf0,fill:v30_reserved_repc,v30_reserved_repc,base,v30_reserved_repc
v30op_repc,0xf1,fill:v30_reserved_repc,v30_reserved_repc,base,v30_reserved_repc
v30op_repc,0xf2,fill:v30_reserved_repc,v30_reserved_repc,base,v30_reserved_repc
v30op_repc,0xf3,fill:v30_reserved_repc,v30_reserved_repc,base,v30_reserved_repc
v30op_repc,0xf4,fill:v30_reserved_repc,v30_reserved_repc,base,v30_reserved_repc
v30op_repc,0xf5,fill:v30_reserved_repc,v30_reserved_repc,base,v30_reserved_repc
v30op_repc,0xf6,fill:v30_reserved_repc,v30_reserved_repc,base,v30_reserved_repc
v30op_repc,0xf7,fill:v30_reserved_repc,v30_reserved_repc,base,v30_reserved_repc
v30op_repc,0xf8,fill:v30_reserved_repc,v30_reserved_repc,base,v30_reserved_repc
v30op_repc,0xf9,fill:v30_reserved_repc,v30_reserved_repc,base,v30_reserved_repc
v30op_repc,0xfa,fill:v30_reserved_repc,v30_reserved_repc,base,v30_reserved_repc
v30op_repc,0xfb,fill:v30_reserved_repc,v30_reserved_repc,base,v30_reserved_repc
v30op_repc,0xfc,fill:v30_reserved_repc,v30_reserved_repc,base,v30_reserved_repc
v30op_repc,0xfd,fill:v30_reserved_repc,v30_reserved_repc,base,v30_reserved_repc
v30op_repc,0xfe,fill:v30_reserved_repc,v30_reserved_repc,base,v30_reserved_repc
v30op_repc,0xff,fill:v30_reserved_repc,v30_reserved_repc,base,v30_reserved_repc
v30ope0xf6_table,0x00,c_ope0xf6_table,_test_ea8_data8,base,_test_ea8_data8
v30ope0xf6_table,0x01,c_ope0xf6_table,_test_ea8_data8,base,_test_ea8_data8
v30ope0xf6_table,0x02,c_ope0xf6_table,_not_ea8,base,_not_ea8
v30ope0xf6_table,0x03,c_ope0xf6_table,_neg_ea8,base,_neg_ea8
v30ope0xf6_table,0x04,c_ope0xf6_table,_mul_ea8,base,_mul_ea8
v30ope0xf6_table,0x05,c_ope0xf6_table,_imul_ea8,base,_imul_ea8
v30ope0xf6_table,0x06,c_ope0xf6_table,_div_ea8,explicit-replacement,v30_div_ea8
v30ope0xf6_table,0x07,c_ope0xf6_table,_idiv_ea8,explicit-replacement,v30_idiv_ea8
v30ope0xf7_table,0x00,c_ope0xf7_table,_test_ea16_data16,base,_test_ea16_data16
v30ope0xf7_table,0x01,c_ope0xf7_table,_test_ea16_data16,base,_test_ea16_data16
v30ope0xf7_table,0x02,c_ope0xf7_table,_not_ea16,base,_not_ea16
v30ope0xf7_table,0x03,c_ope0xf7_table,_neg_ea16,base,_neg_ea16
v30ope0xf7_table,0x04,c_ope0xf7_table,_mul_ea16,base,_mul_ea16
v30ope0xf7_table,0x05,c_ope0xf7_table,_imul_ea16,base,_imul_ea16
v30ope0xf7_table,0x06,c_ope0xf7_table,_div_ea16,explicit-replacement,v30_div_ea16
v30ope0xf7_table,0x07,c_ope0xf7_table,_idiv_ea16,explicit-replacement,v30_idiv_ea16
